timestamp_s,dispatch_mw
0,45.0
1,45.0
2,45.0
3,45.0
4,45.0
5,45.0
6,45.0
7,45.0
8,45.0
9,45.0
10,45.0
11,45.0
12,45.0
13,45.0
14,45.0
15,45.0
16,45.0
17,45.0
18,45.0
19,45.0
20,45.0
21,45.0
22,45.0
23,45.0
24,45.0
25,45.0
26,45.0
27,45.0
28,45.0
29,45.0
30,45.0
31,45.0
32,45.0
33,45.0
34,45.0
35,45.0
36,45.0
37,45.0
38,45.0
39,45.0
40,45.0
41,45.0
42,45.0
43,45.0
44,45.0
45,45.0
46,45.0
47,45.0
48,45.0
49,45.0
50,45.0
51,45.0
52,45.0
53,45.0
54,45.0
55,45.0
56,45.0
57,45.0
58,45.0
59,45.0
60,45.0
61,45.0
62,45.0
63,45.0
64,45.0
65,45.0
66,45.0
67,45.0
68,45.0
69,45.0
70,45.0
71,45.0
72,45.0
73,45.0
74,45.0
75,45.0
76,45.0
77,45.0
78,45.0
79,45.0
80,45.0
81,45.0
82,45.0
83,45.0
84,45.0
85,45.0
86,45.0
87,45.0
88,45.0
89,45.0
90,45.0
91,45.0
92,45.0
93,45.0
94,45.0
95,45.0
96,45.0
97,45.0
98,45.0
99,45.0
100,45.0
101,45.0
102,45.0
103,45.0
104,45.0
105,45.0
106,45.0
107,45.0
108,45.0
109,45.0
110,45.0
111,45.0
112,45.0
113,45.0
114,45.0
115,45.0
116,45.0
117,45.0
118,45.0
119,45.0
120,45.0
121,45.0
122,45.0
123,45.0
124,45.0
125,45.0
126,45.0
127,45.0
128,45.0
129,45.0
130,45.0
131,45.0
132,45.0
133,45.0
134,45.0
135,45.0
136,45.0
137,45.0
138,45.0
139,45.0
140,45.0
141,45.0
142,45.0
143,45.0
144,45.0
145,45.0
146,45.0
147,45.0
148,45.0
149,45.0
150,45.0
151,45.0
152,45.0
153,45.0
154,45.0
155,45.0
156,45.0
157,45.0
158,45.0
159,45.0
160,45.0
161,45.0
162,45.0
163,45.0
164,45.0
165,45.0
166,45.0
167,45.0
168,45.0
169,45.0
170,45.0
171,45.0
172,45.0
173,45.0
174,45.0
175,45.0
176,45.0
177,45.0
178,45.0
179,45.0
180,45.0
181,45.0
182,45.0
183,45.0
184,45.0
185,45.0
186,45.0
187,45.0
188,45.0
189,45.0
190,45.0
191,45.0
192,45.0
193,45.0
194,45.0
195,45.0
196,45.0
197,45.0
198,45.0
199,45.0
200,45.0
201,45.0
202,45.0
203,45.0
204,45.0
205,45.0
206,45.0
207,45.0
208,45.0
209,45.0
210,45.0
211,45.0
212,45.0
213,45.0
214,45.0
215,45.0
216,45.0
217,45.0
218,45.0
219,45.0
220,45.0
221,45.0
222,45.0
223,45.0
224,45.0
225,45.0
226,45.0
227,45.0
228,45.0
229,45.0
230,45.0
231,45.0
232,45.0
233,45.0
234,45.0
235,45.0
236,45.0
237,45.0
238,45.0
239,45.0
240,45.0
241,45.0
242,45.0
243,45.0
244,45.0
245,45.0
246,45.0
247,45.0
248,45.0
249,45.0
250,45.0
251,45.0
252,45.0
253,45.0
254,45.0
255,45.0
256,45.0
257,45.0
258,45.0
259,45.0
260,45.0
261,45.0
262,45.0
263,45.0
264,45.0
265,45.0
266,45.0
267,45.0
268,45.0
269,45.0
270,45.0
271,45.0
272,45.0
273,45.0
274,45.0
275,45.0
276,45.0
277,45.0
278,45.0
279,45.0
280,45.0
281,45.0
282,45.0
283,45.0
284,45.0
285,45.0
286,45.0
287,45.0
288,45.0
289,45.0
290,45.0
291,45.0
292,45.0
293,45.0
294,45.0
295,45.0
296,45.0
297,45.0
298,45.0
299,45.0
300,45.0
301,45.0
302,45.0
303,45.0
304,45.0
305,45.0
306,45.0
307,45.0
308,45.0
309,45.0
310,45.0
311,45.0
312,45.0
313,45.0
314,45.0
315,45.0
316,45.0
317,45.0
318,45.0
319,45.0
320,45.0
321,45.0
322,45.0
323,45.0
324,45.0
325,45.0
326,45.0
327,45.0
328,45.0
329,45.0
330,45.0
331,45.0
332,45.0
333,45.0
334,45.0
335,45.0
336,45.0
337,45.0
338,45.0
339,45.0
340,45.0
341,45.0
342,45.0
343,45.0
344,45.0
345,45.0
346,45.0
347,45.0
348,45.0
349,45.0
350,45.0
351,45.0
352,45.0
353,45.0
354,45.0
355,45.0
356,45.0
357,45.0
358,45.0
359,45.0
360,45.0
361,45.0
362,45.0
363,45.0
364,45.0
365,45.0
366,45.0
367,45.0
368,45.0
369,45.0
370,45.0
371,45.0
372,45.0
373,45.0
374,45.0
375,45.0
376,45.0
377,45.0
378,45.0
379,45.0
380,45.0
381,45.0
382,45.0
383,45.0
384,45.0
385,45.0
386,45.0
387,45.0
388,45.0
389,45.0
390,45.0
391,45.0
392,45.0
393,45.0
394,45.0
395,45.0
396,45.0
397,45.0
398,45.0
399,45.0
400,45.0
401,45.0
402,45.0
403,45.0
404,45.0
405,45.0
406,45.0
407,45.0
408,45.0
409,45.0
410,45.0
411,45.0
412,45.0
413,45.0
414,45.0
415,45.0
416,45.0
417,45.0
418,45.0
419,45.0
420,45.0
421,45.0
422,45.0
423,45.0
424,45.0
425,45.0
426,45.0
427,45.0
428,45.0
429,45.0
430,45.0
431,45.0
432,45.0
433,45.0
434,45.0
435,45.0
436,45.0
437,45.0
438,45.0
439,45.0
440,45.0
441,45.0
442,45.0
443,45.0
444,45.0
445,45.0
446,45.0
447,45.0
448,45.0
449,45.0
450,45.0
451,45.0
452,45.0
453,45.0
454,45.0
455,45.0
456,45.0
457,45.0
458,45.0
459,45.0
460,45.0
461,45.0
462,45.0
463,45.0
464,45.0
465,45.0
466,45.0
467,45.0
468,45.0
469,45.0
470,45.0
471,45.0
472,45.0
473,45.0
474,45.0
475,45.0
476,45.0
477,45.0
478,45.0
479,45.0
480,45.0
481,45.0
482,45.0
483,45.0
484,45.0
485,45.0
486,45.0
487,45.0
488,45.0
489,45.0
490,45.0
491,45.0
492,45.0
493,45.0
494,45.0
495,45.0
496,45.0
497,45.0
498,45.0
499,45.0
500,45.0
501,45.0
502,45.0
503,45.0
504,45.0
505,45.0
506,45.0
507,45.0
508,45.0
509,45.0
510,45.0
511,45.0
512,45.0
513,45.0
514,45.0
515,45.0
516,45.0
517,45.0
518,45.0
519,45.0
520,45.0
521,45.0
522,45.0
523,45.0
524,45.0
525,45.0
526,45.0
527,45.0
528,45.0
529,45.0
530,45.0
531,45.0
532,45.0
533,45.0
534,45.0
535,45.0
536,45.0
537,45.0
538,45.0
539,45.0
540,45.0
541,45.0
542,45.0
543,45.0
544,45.0
545,45.0
546,45.0
547,45.0
548,45.0
549,45.0
550,45.0
551,45.0
552,45.0
553,45.0
554,45.0
555,45.0
556,45.0
557,45.0
558,45.0
559,45.0
560,45.0
561,45.0
562,45.0
563,45.0
564,45.0
565,45.0
566,45.0
567,45.0
568,45.0
569,45.0
570,45.0
571,45.0
572,45.0
573,45.0
574,45.0
575,45.0
576,45.0
577,45.0
578,45.0
579,45.0
580,45.0
581,45.0
582,45.0
583,45.0
584,45.0
585,45.0
586,45.0
587,45.0
588,45.0
589,45.0
590,45.0
591,45.0
592,45.0
593,45.0
594,45.0
595,45.0
596,45.0
597,45.0
598,45.0
599,45.0
600,45.0
601,45.0
602,45.0
603,45.0
604,45.0
605,45.0
606,45.0
607,45.0
608,45.0
609,45.0
610,45.0
611,45.0
612,45.0
613,45.0
614,45.0
615,45.0
616,45.0
617,45.0
618,45.0
619,45.0
620,45.0
621,45.0
622,45.0
623,45.0
624,45.0
625,45.0
626,45.0
627,45.0
628,45.0
629,45.0
630,45.0
631,45.0
632,45.0
633,45.0
634,45.0
635,45.0
636,45.0
637,45.0
638,45.0
639,45.0
640,45.0
641,45.0
642,45.0
643,45.0
644,45.0
645,45.0
646,45.0
647,45.0
648,45.0
649,45.0
650,45.0
651,45.0
652,45.0
653,45.0
654,45.0
655,45.0
656,45.0
657,45.0
658,45.0
659,45.0
660,45.0
661,45.0
662,45.0
663,45.0
664,45.0
665,45.0
666,45.0
667,45.0
668,45.0
669,45.0
670,45.0
671,45.0
672,45.0
673,45.0
674,45.0
675,45.0
676,45.0
677,45.0
678,45.0
679,45.0
680,45.0
681,45.0
682,45.0
683,45.0
684,45.0
685,45.0
686,45.0
687,45.0
688,45.0
689,45.0
690,45.0
691,45.0
692,45.0
693,45.0
694,45.0
695,45.0
696,45.0
697,45.0
698,45.0
699,45.0
700,45.0
701,45.0
702,45.0
703,45.0
704,45.0
705,45.0
706,45.0
707,45.0
708,45.0
709,45.0
710,45.0
711,45.0
712,45.0
713,45.0
714,45.0
715,45.0
716,45.0
717,45.0
718,45.0
719,45.0
720,45.0
721,45.0
722,45.0
723,45.0
724,45.0
725,45.0
726,45.0
727,45.0
728,45.0
729,45.0
730,45.0
731,45.0
732,45.0
733,45.0
734,45.0
735,45.0
736,45.0
737,45.0
738,45.0
739,45.0
740,45.0
741,45.0
742,45.0
743,45.0
744,45.0
745,45.0
746,45.0
747,45.0
748,45.0
749,45.0
750,45.0
751,45.0
752,45.0
753,45.0
754,45.0
755,45.0
756,45.0
757,45.0
758,45.0
759,45.0
760,45.0
761,45.0
762,45.0
763,45.0
764,45.0
765,45.0
766,45.0
767,45.0
768,45.0
769,45.0
770,45.0
771,45.0
772,45.0
773,45.0
774,45.0
775,45.0
776,45.0
777,45.0
778,45.0
779,45.0
780,45.0
781,45.0
782,45.0
783,45.0
784,45.0
785,45.0
786,45.0
787,45.0
788,45.0
789,45.0
790,45.0
791,45.0
792,45.0
793,45.0
794,45.0
795,45.0
796,45.0
797,45.0
798,45.0
799,45.0
800,45.0
801,45.0
802,45.0
803,45.0
804,45.0
805,45.0
806,45.0
807,45.0
808,45.0
809,45.0
810,45.0
811,45.0
812,45.0
813,45.0
814,45.0
815,45.0
816,45.0
817,45.0
818,45.0
819,45.0
820,45.0
821,45.0
822,45.0
823,45.0
824,45.0
825,45.0
826,45.0
827,45.0
828,45.0
829,45.0
830,45.0
831,45.0
832,45.0
833,45.0
834,45.0
835,45.0
836,45.0
837,45.0
838,45.0
839,45.0
840,45.0
841,45.0
842,45.0
843,45.0
844,45.0
845,45.0
846,45.0
847,45.0
848,45.0
849,45.0
850,45.0
851,45.0
852,45.0
853,45.0
854,45.0
855,45.0
856,45.0
857,45.0
858,45.0
859,45.0
860,45.0
861,45.0
862,45.0
863,45.0
864,45.0
865,45.0
866,45.0
867,45.0
868,45.0
869,45.0
870,45.0
871,45.0
872,45.0
873,45.0
874,45.0
875,45.0
876,45.0
877,45.0
878,45.0
879,45.0
880,45.0
881,45.0
882,45.0
883,45.0
884,45.0
885,45.0
886,45.0
887,45.0
888,45.0
889,45.0
890,45.0
891,45.0
892,45.0
893,45.0
894,45.0
895,45.0
896,45.0
897,45.0
898,45.0
899,45.0
900,45.0
901,45.0
902,45.0
903,45.0
904,45.0
905,45.0
906,45.0
907,45.0
908,45.0
909,45.0
910,45.0
911,45.0
912,45.0
913,45.0
914,45.0
915,45.0
916,45.0
917,45.0
918,45.0
919,45.0
920,45.0
921,45.0
922,45.0
923,45.0
924,45.0
925,45.0
926,45.0
927,45.0
928,45.0
929,45.0
930,45.0
931,45.0
932,45.0
933,45.0
934,45.0
935,45.0
936,45.0
937,45.0
938,45.0
939,45.0
940,45.0
941,45.0
942,45.0
943,45.0
944,45.0
945,45.0
946,45.0
947,45.0
948,45.0
949,45.0
950,45.0
951,45.0
952,45.0
953,45.0
954,45.0
955,45.0
956,45.0
957,45.0
958,45.0
959,45.0
960,45.0
961,45.0
962,45.0
963,45.0
964,45.0
965,45.0
966,45.0
967,45.0
968,45.0
969,45.0
970,45.0
971,45.0
972,45.0
973,45.0
974,45.0
975,45.0
976,45.0
977,45.0
978,45.0
979,45.0
980,45.0
981,45.0
982,45.0
983,45.0
984,45.0
985,45.0
986,45.0
987,45.0
988,45.0
989,45.0
990,45.0
991,45.0
992,45.0
993,45.0
994,45.0
995,45.0
996,45.0
997,45.0
998,45.0
999,45.0
1000,45.0
1001,45.0
1002,45.0
1003,45.0
1004,45.0
1005,45.0
1006,45.0
1007,45.0
1008,45.0
1009,45.0
1010,45.0
1011,45.0
1012,45.0
1013,45.0
1014,45.0
1015,45.0
1016,45.0
1017,45.0
1018,45.0
1019,45.0
1020,45.0
1021,45.0
1022,45.0
1023,45.0
1024,45.0
1025,45.0
1026,45.0
1027,45.0
1028,45.0
1029,45.0
1030,45.0
1031,45.0
1032,45.0
1033,45.0
1034,45.0
1035,45.0
1036,45.0
1037,45.0
1038,45.0
1039,45.0
1040,45.0
1041,45.0
1042,45.0
1043,45.0
1044,45.0
1045,45.0
1046,45.0
1047,45.0
1048,45.0
1049,45.0
1050,45.0
1051,45.0
1052,45.0
1053,45.0
1054,45.0
1055,45.0
1056,45.0
1057,45.0
1058,45.0
1059,45.0
1060,45.0
1061,45.0
1062,45.0
1063,45.0
1064,45.0
1065,45.0
1066,45.0
1067,45.0
1068,45.0
1069,45.0
1070,45.0
1071,45.0
1072,45.0
1073,45.0
1074,45.0
1075,45.0
1076,45.0
1077,45.0
1078,45.0
1079,45.0
1080,45.0
1081,45.0
1082,45.0
1083,45.0
1084,45.0
1085,45.0
1086,45.0
1087,45.0
1088,45.0
1089,45.0
1090,45.0
1091,45.0
1092,45.0
1093,45.0
1094,45.0
1095,45.0
1096,45.0
1097,45.0
1098,45.0
1099,45.0
1100,45.0
1101,45.0
1102,45.0
1103,45.0
1104,45.0
1105,45.0
1106,45.0
1107,45.0
1108,45.0
1109,45.0
1110,45.0
1111,45.0
1112,45.0
1113,45.0
1114,45.0
1115,45.0
1116,45.0
1117,45.0
1118,45.0
1119,45.0
1120,45.0
1121,45.0
1122,45.0
1123,45.0
1124,45.0
1125,45.0
1126,45.0
1127,45.0
1128,45.0
1129,45.0
1130,45.0
1131,45.0
1132,45.0
1133,45.0
1134,45.0
1135,45.0
1136,45.0
1137,45.0
1138,45.0
1139,45.0
1140,45.0
1141,45.0
1142,45.0
1143,45.0
1144,45.0
1145,45.0
1146,45.0
1147,45.0
1148,45.0
1149,45.0
1150,45.0
1151,45.0
1152,45.0
1153,45.0
1154,45.0
1155,45.0
1156,45.0
1157,45.0
1158,45.0
1159,45.0
1160,45.0
1161,45.0
1162,45.0
1163,45.0
1164,45.0
1165,45.0
1166,45.0
1167,45.0
1168,45.0
1169,45.0
1170,45.0
1171,45.0
1172,45.0
1173,45.0
1174,45.0
1175,45.0
1176,45.0
1177,45.0
1178,45.0
1179,45.0
1180,45.0
1181,45.0
1182,45.0
1183,45.0
1184,45.0
1185,45.0
1186,45.0
1187,45.0
1188,45.0
1189,45.0
1190,45.0
1191,45.0
1192,45.0
1193,45.0
1194,45.0
1195,45.0
1196,45.0
1197,45.0
1198,45.0
1199,45.0
1200,45.0
1201,45.0
1202,45.0
1203,45.0
1204,45.0
1205,45.0
1206,45.0
1207,45.0
1208,45.0
1209,45.0
1210,45.0
1211,45.0
1212,45.0
1213,45.0
1214,45.0
1215,45.0
1216,45.0
1217,45.0
1218,45.0
1219,45.0
1220,45.0
1221,45.0
1222,45.0
1223,45.0
1224,45.0
1225,45.0
1226,45.0
1227,45.0
1228,45.0
1229,45.0
1230,45.0
1231,45.0
1232,45.0
1233,45.0
1234,45.0
1235,45.0
1236,45.0
1237,45.0
1238,45.0
1239,45.0
1240,45.0
1241,45.0
1242,45.0
1243,45.0
1244,45.0
1245,45.0
1246,45.0
1247,45.0
1248,45.0
1249,45.0
1250,45.0
1251,45.0
1252,45.0
1253,45.0
1254,45.0
1255,45.0
1256,45.0
1257,45.0
1258,45.0
1259,45.0
1260,45.0
1261,45.0
1262,45.0
1263,45.0
1264,45.0
1265,45.0
1266,45.0
1267,45.0
1268,45.0
1269,45.0
1270,45.0
1271,45.0
1272,45.0
1273,45.0
1274,45.0
1275,45.0
1276,45.0
1277,45.0
1278,45.0
1279,45.0
1280,45.0
1281,45.0
1282,45.0
1283,45.0
1284,45.0
1285,45.0
1286,45.0
1287,45.0
1288,45.0
1289,45.0
1290,45.0
1291,45.0
1292,45.0
1293,45.0
1294,45.0
1295,45.0
1296,45.0
1297,45.0
1298,45.0
1299,45.0
1300,45.0
1301,45.0
1302,45.0
1303,45.0
1304,45.0
1305,45.0
1306,45.0
1307,45.0
1308,45.0
1309,45.0
1310,45.0
1311,45.0
1312,45.0
1313,45.0
1314,45.0
1315,45.0
1316,45.0
1317,45.0
1318,45.0
1319,45.0
1320,45.0
1321,45.0
1322,45.0
1323,45.0
1324,45.0
1325,45.0
1326,45.0
1327,45.0
1328,45.0
1329,45.0
1330,45.0
1331,45.0
1332,45.0
1333,45.0
1334,45.0
1335,45.0
1336,45.0
1337,45.0
1338,45.0
1339,45.0
1340,45.0
1341,45.0
1342,45.0
1343,45.0
1344,45.0
1345,45.0
1346,45.0
1347,45.0
1348,45.0
1349,45.0
1350,45.0
1351,45.0
1352,45.0
1353,45.0
1354,45.0
1355,45.0
1356,45.0
1357,45.0
1358,45.0
1359,45.0
1360,45.0
1361,45.0
1362,45.0
1363,45.0
1364,45.0
1365,45.0
1366,45.0
1367,45.0
1368,45.0
1369,45.0
1370,45.0
1371,45.0
1372,45.0
1373,45.0
1374,45.0
1375,45.0
1376,45.0
1377,45.0
1378,45.0
1379,45.0
1380,45.0
1381,45.0
1382,45.0
1383,45.0
1384,45.0
1385,45.0
1386,45.0
1387,45.0
1388,45.0
1389,45.0
1390,45.0
1391,45.0
1392,45.0
1393,45.0
1394,45.0
1395,45.0
1396,45.0
1397,45.0
1398,45.0
1399,45.0
1400,45.0
1401,45.0
1402,45.0
1403,45.0
1404,45.0
1405,45.0
1406,45.0
1407,45.0
1408,45.0
1409,45.0
1410,45.0
1411,45.0
1412,45.0
1413,45.0
1414,45.0
1415,45.0
1416,45.0
1417,45.0
1418,45.0
1419,45.0
1420,45.0
1421,45.0
1422,45.0
1423,45.0
1424,45.0
1425,45.0
1426,45.0
1427,45.0
1428,45.0
1429,45.0
1430,45.0
1431,45.0
1432,45.0
1433,45.0
1434,45.0
1435,45.0
1436,45.0
1437,45.0
1438,45.0
1439,45.0
1440,45.0
1441,45.0
1442,45.0
1443,45.0
1444,45.0
1445,45.0
1446,45.0
1447,45.0
1448,45.0
1449,45.0
1450,45.0
1451,45.0
1452,45.0
1453,45.0
1454,45.0
1455,45.0
1456,45.0
1457,45.0
1458,45.0
1459,45.0
1460,45.0
1461,45.0
1462,45.0
1463,45.0
1464,45.0
1465,45.0
1466,45.0
1467,45.0
1468,45.0
1469,45.0
1470,45.0
1471,45.0
1472,45.0
1473,45.0
1474,45.0
1475,45.0
1476,45.0
1477,45.0
1478,45.0
1479,45.0
1480,45.0
1481,45.0
1482,45.0
1483,45.0
1484,45.0
1485,45.0
1486,45.0
1487,45.0
1488,45.0
1489,45.0
1490,45.0
1491,45.0
1492,45.0
1493,45.0
1494,45.0
1495,45.0
1496,45.0
1497,45.0
1498,45.0
1499,45.0
1500,45.0
1501,45.0
1502,45.0
1503,45.0
1504,45.0
1505,45.0
1506,45.0
1507,45.0
1508,45.0
1509,45.0
1510,45.0
1511,45.0
1512,45.0
1513,45.0
1514,45.0
1515,45.0
1516,45.0
1517,45.0
1518,45.0
1519,45.0
1520,45.0
1521,45.0
1522,45.0
1523,45.0
1524,45.0
1525,45.0
1526,45.0
1527,45.0
1528,45.0
1529,45.0
1530,45.0
1531,45.0
1532,45.0
1533,45.0
1534,45.0
1535,45.0
1536,45.0
1537,45.0
1538,45.0
1539,45.0
1540,45.0
1541,45.0
1542,45.0
1543,45.0
1544,45.0
1545,45.0
1546,45.0
1547,45.0
1548,45.0
1549,45.0
1550,45.0
1551,45.0
1552,45.0
1553,45.0
1554,45.0
1555,45.0
1556,45.0
1557,45.0
1558,45.0
1559,45.0
1560,45.0
1561,45.0
1562,45.0
1563,45.0
1564,45.0
1565,45.0
1566,45.0
1567,45.0
1568,45.0
1569,45.0
1570,45.0
1571,45.0
1572,45.0
1573,45.0
1574,45.0
1575,45.0
1576,45.0
1577,45.0
1578,45.0
1579,45.0
1580,45.0
1581,45.0
1582,45.0
1583,45.0
1584,45.0
1585,45.0
1586,45.0
1587,45.0
1588,45.0
1589,45.0
1590,45.0
1591,45.0
1592,45.0
1593,45.0
1594,45.0
1595,45.0
1596,45.0
1597,45.0
1598,45.0
1599,45.0
1600,45.0
1601,45.0
1602,45.0
1603,45.0
1604,45.0
1605,45.0
1606,45.0
1607,45.0
1608,45.0
1609,45.0
1610,45.0
1611,45.0
1612,45.0
1613,45.0
1614,45.0
1615,45.0
1616,45.0
1617,45.0
1618,45.0
1619,45.0
1620,45.0
1621,45.0
1622,45.0
1623,45.0
1624,45.0
1625,45.0
1626,45.0
1627,45.0
1628,45.0
1629,45.0
1630,45.0
1631,45.0
1632,45.0
1633,45.0
1634,45.0
1635,45.0
1636,45.0
1637,45.0
1638,45.0
1639,45.0
1640,45.0
1641,45.0
1642,45.0
1643,45.0
1644,45.0
1645,45.0
1646,45.0
1647,45.0
1648,45.0
1649,45.0
1650,45.0
1651,45.0
1652,45.0
1653,45.0
1654,45.0
1655,45.0
1656,45.0
1657,45.0
1658,45.0
1659,45.0
1660,45.0
1661,45.0
1662,45.0
1663,45.0
1664,45.0
1665,45.0
1666,45.0
1667,45.0
1668,45.0
1669,45.0
1670,45.0
1671,45.0
1672,45.0
1673,45.0
1674,45.0
1675,45.0
1676,45.0
1677,45.0
1678,45.0
1679,45.0
1680,45.0
1681,45.0
1682,45.0
1683,45.0
1684,45.0
1685,45.0
1686,45.0
1687,45.0
1688,45.0
1689,45.0
1690,45.0
1691,45.0
1692,45.0
1693,45.0
1694,45.0
1695,45.0
1696,45.0
1697,45.0
1698,45.0
1699,45.0
1700,45.0
1701,45.0
1702,45.0
1703,45.0
1704,45.0
1705,45.0
1706,45.0
1707,45.0
1708,45.0
1709,45.0
1710,45.0
1711,45.0
1712,45.0
1713,45.0
1714,45.0
1715,45.0
1716,45.0
1717,45.0
1718,45.0
1719,45.0
1720,45.0
1721,45.0
1722,45.0
1723,45.0
1724,45.0
1725,45.0
1726,45.0
1727,45.0
1728,45.0
1729,45.0
1730,45.0
1731,45.0
1732,45.0
1733,45.0
1734,45.0
1735,45.0
1736,45.0
1737,45.0
1738,45.0
1739,45.0
1740,45.0
1741,45.0
1742,45.0
1743,45.0
1744,45.0
1745,45.0
1746,45.0
1747,45.0
1748,45.0
1749,45.0
1750,45.0
1751,45.0
1752,45.0
1753,45.0
1754,45.0
1755,45.0
1756,45.0
1757,45.0
1758,45.0
1759,45.0
1760,45.0
1761,45.0
1762,45.0
1763,45.0
1764,45.0
1765,45.0
1766,45.0
1767,45.0
1768,45.0
1769,45.0
1770,45.0
1771,45.0
1772,45.0
1773,45.0
1774,45.0
1775,45.0
1776,45.0
1777,45.0
1778,45.0
1779,45.0
1780,45.0
1781,45.0
1782,45.0
1783,45.0
1784,45.0
1785,45.0
1786,45.0
1787,45.0
1788,45.0
1789,45.0
1790,45.0
1791,45.0
1792,45.0
1793,45.0
1794,45.0
1795,45.0
1796,45.0
1797,45.0
1798,45.0
1799,45.0
1800,45.0
1801,45.0
1802,45.0
1803,45.0
1804,45.0
1805,45.0
1806,45.0
1807,45.0
1808,45.0
1809,45.0
1810,45.0
1811,45.0
1812,45.0
1813,45.0
1814,45.0
1815,45.0
1816,45.0
1817,45.0
1818,45.0
1819,45.0
1820,45.0
1821,45.0
1822,45.0
1823,45.0
1824,45.0
1825,45.0
1826,45.0
1827,45.0
1828,45.0
1829,45.0
1830,45.0
1831,45.0
1832,45.0
1833,45.0
1834,45.0
1835,45.0
1836,45.0
1837,45.0
1838,45.0
1839,45.0
1840,45.0
1841,45.0
1842,45.0
1843,45.0
1844,45.0
1845,45.0
1846,45.0
1847,45.0
1848,45.0
1849,45.0
1850,45.0
1851,45.0
1852,45.0
1853,45.0
1854,45.0
1855,45.0
1856,45.0
1857,45.0
1858,45.0
1859,45.0
1860,45.0
1861,45.0
1862,45.0
1863,45.0
1864,45.0
1865,45.0
1866,45.0
1867,45.0
1868,45.0
1869,45.0
1870,45.0
1871,45.0
1872,45.0
1873,45.0
1874,45.0
1875,45.0
1876,45.0
1877,45.0
1878,45.0
1879,45.0
1880,45.0
1881,45.0
1882,45.0
1883,45.0
1884,45.0
1885,45.0
1886,45.0
1887,45.0
1888,45.0
1889,45.0
1890,45.0
1891,45.0
1892,45.0
1893,45.0
1894,45.0
1895,45.0
1896,45.0
1897,45.0
1898,45.0
1899,45.0
1900,45.0
1901,45.0
1902,45.0
1903,45.0
1904,45.0
1905,45.0
1906,45.0
1907,45.0
1908,45.0
1909,45.0
1910,45.0
1911,45.0
1912,45.0
1913,45.0
1914,45.0
1915,45.0
1916,45.0
1917,45.0
1918,45.0
1919,45.0
1920,45.0
1921,45.0
1922,45.0
1923,45.0
1924,45.0
1925,45.0
1926,45.0
1927,45.0
1928,45.0
1929,45.0
1930,45.0
1931,45.0
1932,45.0
1933,45.0
1934,45.0
1935,45.0
1936,45.0
1937,45.0
1938,45.0
1939,45.0
1940,45.0
1941,45.0
1942,45.0
1943,45.0
1944,45.0
1945,45.0
1946,45.0
1947,45.0
1948,45.0
1949,45.0
1950,45.0
1951,45.0
1952,45.0
1953,45.0
1954,45.0
1955,45.0
1956,45.0
1957,45.0
1958,45.0
1959,45.0
1960,45.0
1961,45.0
1962,45.0
1963,45.0
1964,45.0
1965,45.0
1966,45.0
1967,45.0
1968,45.0
1969,45.0
1970,45.0
1971,45.0
1972,45.0
1973,45.0
1974,45.0
1975,45.0
1976,45.0
1977,45.0
1978,45.0
1979,45.0
1980,45.0
1981,45.0
1982,45.0
1983,45.0
1984,45.0
1985,45.0
1986,45.0
1987,45.0
1988,45.0
1989,45.0
1990,45.0
1991,45.0
1992,45.0
1993,45.0
1994,45.0
1995,45.0
1996,45.0
1997,45.0
1998,45.0
1999,45.0
2000,45.0
2001,45.0
2002,45.0
2003,45.0
2004,45.0
2005,45.0
2006,45.0
2007,45.0
2008,45.0
2009,45.0
2010,45.0
2011,45.0
2012,45.0
2013,45.0
2014,45.0
2015,45.0
2016,45.0
2017,45.0
2018,45.0
2019,45.0
2020,45.0
2021,45.0
2022,45.0
2023,45.0
2024,45.0
2025,45.0
2026,45.0
2027,45.0
2028,45.0
2029,45.0
2030,45.0
2031,45.0
2032,45.0
2033,45.0
2034,45.0
2035,45.0
2036,45.0
2037,45.0
2038,45.0
2039,45.0
2040,45.0
2041,45.0
2042,45.0
2043,45.0
2044,45.0
2045,45.0
2046,45.0
2047,45.0
2048,45.0
2049,45.0
2050,45.0
2051,45.0
2052,45.0
2053,45.0
2054,45.0
2055,45.0
2056,45.0
2057,45.0
2058,45.0
2059,45.0
2060,45.0
2061,45.0
2062,45.0
2063,45.0
2064,45.0
2065,45.0
2066,45.0
2067,45.0
2068,45.0
2069,45.0
2070,45.0
2071,45.0
2072,45.0
2073,45.0
2074,45.0
2075,45.0
2076,45.0
2077,45.0
2078,45.0
2079,45.0
2080,45.0
2081,45.0
2082,45.0
2083,45.0
2084,45.0
2085,45.0
2086,45.0
2087,45.0
2088,45.0
2089,45.0
2090,45.0
2091,45.0
2092,45.0
2093,45.0
2094,45.0
2095,45.0
2096,45.0
2097,45.0
2098,45.0
2099,45.0
2100,45.0
2101,45.0
2102,45.0
2103,45.0
2104,45.0
2105,45.0
2106,45.0
2107,45.0
2108,45.0
2109,45.0
2110,45.0
2111,45.0
2112,45.0
2113,45.0
2114,45.0
2115,45.0
2116,45.0
2117,45.0
2118,45.0
2119,45.0
2120,45.0
2121,45.0
2122,45.0
2123,45.0
2124,45.0
2125,45.0
2126,45.0
2127,45.0
2128,45.0
2129,45.0
2130,45.0
2131,45.0
2132,45.0
2133,45.0
2134,45.0
2135,45.0
2136,45.0
2137,45.0
2138,45.0
2139,45.0
2140,45.0
2141,45.0
2142,45.0
2143,45.0
2144,45.0
2145,45.0
2146,45.0
2147,45.0
2148,45.0
2149,45.0
2150,45.0
2151,45.0
2152,45.0
2153,45.0
2154,45.0
2155,45.0
2156,45.0
2157,45.0
2158,45.0
2159,45.0
2160,45.0
2161,45.0
2162,45.0
2163,45.0
2164,45.0
2165,45.0
2166,45.0
2167,45.0
2168,45.0
2169,45.0
2170,45.0
2171,45.0
2172,45.0
2173,45.0
2174,45.0
2175,45.0
2176,45.0
2177,45.0
2178,45.0
2179,45.0
2180,45.0
2181,45.0
2182,45.0
2183,45.0
2184,45.0
2185,45.0
2186,45.0
2187,45.0
2188,45.0
2189,45.0
2190,45.0
2191,45.0
2192,45.0
2193,45.0
2194,45.0
2195,45.0
2196,45.0
2197,45.0
2198,45.0
2199,45.0
2200,45.0
2201,45.0
2202,45.0
2203,45.0
2204,45.0
2205,45.0
2206,45.0
2207,45.0
2208,45.0
2209,45.0
2210,45.0
2211,45.0
2212,45.0
2213,45.0
2214,45.0
2215,45.0
2216,45.0
2217,45.0
2218,45.0
2219,45.0
2220,45.0
2221,45.0
2222,45.0
2223,45.0
2224,45.0
2225,45.0
2226,45.0
2227,45.0
2228,45.0
2229,45.0
2230,45.0
2231,45.0
2232,45.0
2233,45.0
2234,45.0
2235,45.0
2236,45.0
2237,45.0
2238,45.0
2239,45.0
2240,45.0
2241,45.0
2242,45.0
2243,45.0
2244,45.0
2245,45.0
2246,45.0
2247,45.0
2248,45.0
2249,45.0
2250,45.0
2251,45.0
2252,45.0
2253,45.0
2254,45.0
2255,45.0
2256,45.0
2257,45.0
2258,45.0
2259,45.0
2260,45.0
2261,45.0
2262,45.0
2263,45.0
2264,45.0
2265,45.0
2266,45.0
2267,45.0
2268,45.0
2269,45.0
2270,45.0
2271,45.0
2272,45.0
2273,45.0
2274,45.0
2275,45.0
2276,45.0
2277,45.0
2278,45.0
2279,45.0
2280,45.0
2281,45.0
2282,45.0
2283,45.0
2284,45.0
2285,45.0
2286,45.0
2287,45.0
2288,45.0
2289,45.0
2290,45.0
2291,45.0
2292,45.0
2293,45.0
2294,45.0
2295,45.0
2296,45.0
2297,45.0
2298,45.0
2299,45.0
2300,45.0
2301,45.0
2302,45.0
2303,45.0
2304,45.0
2305,45.0
2306,45.0
2307,45.0
2308,45.0
2309,45.0
2310,45.0
2311,45.0
2312,45.0
2313,45.0
2314,45.0
2315,45.0
2316,45.0
2317,45.0
2318,45.0
2319,45.0
2320,45.0
2321,45.0
2322,45.0
2323,45.0
2324,45.0
2325,45.0
2326,45.0
2327,45.0
2328,45.0
2329,45.0
2330,45.0
2331,45.0
2332,45.0
2333,45.0
2334,45.0
2335,45.0
2336,45.0
2337,45.0
2338,45.0
2339,45.0
2340,45.0
2341,45.0
2342,45.0
2343,45.0
2344,45.0
2345,45.0
2346,45.0
2347,45.0
2348,45.0
2349,45.0
2350,45.0
2351,45.0
2352,45.0
2353,45.0
2354,45.0
2355,45.0
2356,45.0
2357,45.0
2358,45.0
2359,45.0
2360,45.0
2361,45.0
2362,45.0
2363,45.0
2364,45.0
2365,45.0
2366,45.0
2367,45.0
2368,45.0
2369,45.0
2370,45.0
2371,45.0
2372,45.0
2373,45.0
2374,45.0
2375,45.0
2376,45.0
2377,45.0
2378,45.0
2379,45.0
2380,45.0
2381,45.0
2382,45.0
2383,45.0
2384,45.0
2385,45.0
2386,45.0
2387,45.0
2388,45.0
2389,45.0
2390,45.0
2391,45.0
2392,45.0
2393,45.0
2394,45.0
2395,45.0
2396,45.0
2397,45.0
2398,45.0
2399,45.0
2400,45.0
2401,45.0
2402,45.0
2403,45.0
2404,45.0
2405,45.0
2406,45.0
2407,45.0
2408,45.0
2409,45.0
2410,45.0
2411,45.0
2412,45.0
2413,45.0
2414,45.0
2415,45.0
2416,45.0
2417,45.0
2418,45.0
2419,45.0
2420,45.0
2421,45.0
2422,45.0
2423,45.0
2424,45.0
2425,45.0
2426,45.0
2427,45.0
2428,45.0
2429,45.0
2430,45.0
2431,45.0
2432,45.0
2433,45.0
2434,45.0
2435,45.0
2436,45.0
2437,45.0
2438,45.0
2439,45.0
2440,45.0
2441,45.0
2442,45.0
2443,45.0
2444,45.0
2445,45.0
2446,45.0
2447,45.0
2448,45.0
2449,45.0
2450,45.0
2451,45.0
2452,45.0
2453,45.0
2454,45.0
2455,45.0
2456,45.0
2457,45.0
2458,45.0
2459,45.0
2460,45.0
2461,45.0
2462,45.0
2463,45.0
2464,45.0
2465,45.0
2466,45.0
2467,45.0
2468,45.0
2469,45.0
2470,45.0
2471,45.0
2472,45.0
2473,45.0
2474,45.0
2475,45.0
2476,45.0
2477,45.0
2478,45.0
2479,45.0
2480,45.0
2481,45.0
2482,45.0
2483,45.0
2484,45.0
2485,45.0
2486,45.0
2487,45.0
2488,45.0
2489,45.0
2490,45.0
2491,45.0
2492,45.0
2493,45.0
2494,45.0
2495,45.0
2496,45.0
2497,45.0
2498,45.0
2499,45.0
2500,45.0
2501,45.0
2502,45.0
2503,45.0
2504,45.0
2505,45.0
2506,45.0
2507,45.0
2508,45.0
2509,45.0
2510,45.0
2511,45.0
2512,45.0
2513,45.0
2514,45.0
2515,45.0
2516,45.0
2517,45.0
2518,45.0
2519,45.0
2520,45.0
2521,45.0
2522,45.0
2523,45.0
2524,45.0
2525,45.0
2526,45.0
2527,45.0
2528,45.0
2529,45.0
2530,45.0
2531,45.0
2532,45.0
2533,45.0
2534,45.0
2535,45.0
2536,45.0
2537,45.0
2538,45.0
2539,45.0
2540,45.0
2541,45.0
2542,45.0
2543,45.0
2544,45.0
2545,45.0
2546,45.0
2547,45.0
2548,45.0
2549,45.0
2550,45.0
2551,45.0
2552,45.0
2553,45.0
2554,45.0
2555,45.0
2556,45.0
2557,45.0
2558,45.0
2559,45.0
2560,45.0
2561,45.0
2562,45.0
2563,45.0
2564,45.0
2565,45.0
2566,45.0
2567,45.0
2568,45.0
2569,45.0
2570,45.0
2571,45.0
2572,45.0
2573,45.0
2574,45.0
2575,45.0
2576,45.0
2577,45.0
2578,45.0
2579,45.0
2580,45.0
2581,45.0
2582,45.0
2583,45.0
2584,45.0
2585,45.0
2586,45.0
2587,45.0
2588,45.0
2589,45.0
2590,45.0
2591,45.0
2592,45.0
2593,45.0
2594,45.0
2595,45.0
2596,45.0
2597,45.0
2598,45.0
2599,45.0
2600,45.0
2601,45.0
2602,45.0
2603,45.0
2604,45.0
2605,45.0
2606,45.0
2607,45.0
2608,45.0
2609,45.0
2610,45.0
2611,45.0
2612,45.0
2613,45.0
2614,45.0
2615,45.0
2616,45.0
2617,45.0
2618,45.0
2619,45.0
2620,45.0
2621,45.0
2622,45.0
2623,45.0
2624,45.0
2625,45.0
2626,45.0
2627,45.0
2628,45.0
2629,45.0
2630,45.0
2631,45.0
2632,45.0
2633,45.0
2634,45.0
2635,45.0
2636,45.0
2637,45.0
2638,45.0
2639,45.0
2640,45.0
2641,45.0
2642,45.0
2643,45.0
2644,45.0
2645,45.0
2646,45.0
2647,45.0
2648,45.0
2649,45.0
2650,45.0
2651,45.0
2652,45.0
2653,45.0
2654,45.0
2655,45.0
2656,45.0
2657,45.0
2658,45.0
2659,45.0
2660,45.0
2661,45.0
2662,45.0
2663,45.0
2664,45.0
2665,45.0
2666,45.0
2667,45.0
2668,45.0
2669,45.0
2670,45.0
2671,45.0
2672,45.0
2673,45.0
2674,45.0
2675,45.0
2676,45.0
2677,45.0
2678,45.0
2679,45.0
2680,45.0
2681,45.0
2682,45.0
2683,45.0
2684,45.0
2685,45.0
2686,45.0
2687,45.0
2688,45.0
2689,45.0
2690,45.0
2691,45.0
2692,45.0
2693,45.0
2694,45.0
2695,45.0
2696,45.0
2697,45.0
2698,45.0
2699,45.0
2700,45.0
2701,45.0
2702,45.0
2703,45.0
2704,45.0
2705,45.0
2706,45.0
2707,45.0
2708,45.0
2709,45.0
2710,45.0
2711,45.0
2712,45.0
2713,45.0
2714,45.0
2715,45.0
2716,45.0
2717,45.0
2718,45.0
2719,45.0
2720,45.0
2721,45.0
2722,45.0
2723,45.0
2724,45.0
2725,45.0
2726,45.0
2727,45.0
2728,45.0
2729,45.0
2730,45.0
2731,45.0
2732,45.0
2733,45.0
2734,45.0
2735,45.0
2736,45.0
2737,45.0
2738,45.0
2739,45.0
2740,45.0
2741,45.0
2742,45.0
2743,45.0
2744,45.0
2745,45.0
2746,45.0
2747,45.0
2748,45.0
2749,45.0
2750,45.0
2751,45.0
2752,45.0
2753,45.0
2754,45.0
2755,45.0
2756,45.0
2757,45.0
2758,45.0
2759,45.0
2760,45.0
2761,45.0
2762,45.0
2763,45.0
2764,45.0
2765,45.0
2766,45.0
2767,45.0
2768,45.0
2769,45.0
2770,45.0
2771,45.0
2772,45.0
2773,45.0
2774,45.0
2775,45.0
2776,45.0
2777,45.0
2778,45.0
2779,45.0
2780,45.0
2781,45.0
2782,45.0
2783,45.0
2784,45.0
2785,45.0
2786,45.0
2787,45.0
2788,45.0
2789,45.0
2790,45.0
2791,45.0
2792,45.0
2793,45.0
2794,45.0
2795,45.0
2796,45.0
2797,45.0
2798,45.0
2799,45.0
2800,45.0
2801,45.0
2802,45.0
2803,45.0
2804,45.0
2805,45.0
2806,45.0
2807,45.0
2808,45.0
2809,45.0
2810,45.0
2811,45.0
2812,45.0
2813,45.0
2814,45.0
2815,45.0
2816,45.0
2817,45.0
2818,45.0
2819,45.0
2820,45.0
2821,45.0
2822,45.0
2823,45.0
2824,45.0
2825,45.0
2826,45.0
2827,45.0
2828,45.0
2829,45.0
2830,45.0
2831,45.0
2832,45.0
2833,45.0
2834,45.0
2835,45.0
2836,45.0
2837,45.0
2838,45.0
2839,45.0
2840,45.0
2841,45.0
2842,45.0
2843,45.0
2844,45.0
2845,45.0
2846,45.0
2847,45.0
2848,45.0
2849,45.0
2850,45.0
2851,45.0
2852,45.0
2853,45.0
2854,45.0
2855,45.0
2856,45.0
2857,45.0
2858,45.0
2859,45.0
2860,45.0
2861,45.0
2862,45.0
2863,45.0
2864,45.0
2865,45.0
2866,45.0
2867,45.0
2868,45.0
2869,45.0
2870,45.0
2871,45.0
2872,45.0
2873,45.0
2874,45.0
2875,45.0
2876,45.0
2877,45.0
2878,45.0
2879,45.0
2880,45.0
2881,45.0
2882,45.0
2883,45.0
2884,45.0
2885,45.0
2886,45.0
2887,45.0
2888,45.0
2889,45.0
2890,45.0
2891,45.0
2892,45.0
2893,45.0
2894,45.0
2895,45.0
2896,45.0
2897,45.0
2898,45.0
2899,45.0
2900,45.0
2901,45.0
2902,45.0
2903,45.0
2904,45.0
2905,45.0
2906,45.0
2907,45.0
2908,45.0
2909,45.0
2910,45.0
2911,45.0
2912,45.0
2913,45.0
2914,45.0
2915,45.0
2916,45.0
2917,45.0
2918,45.0
2919,45.0
2920,45.0
2921,45.0
2922,45.0
2923,45.0
2924,45.0
2925,45.0
2926,45.0
2927,45.0
2928,45.0
2929,45.0
2930,45.0
2931,45.0
2932,45.0
2933,45.0
2934,45.0
2935,45.0
2936,45.0
2937,45.0
2938,45.0
2939,45.0
2940,45.0
2941,45.0
2942,45.0
2943,45.0
2944,45.0
2945,45.0
2946,45.0
2947,45.0
2948,45.0
2949,45.0
2950,45.0
2951,45.0
2952,45.0
2953,45.0
2954,45.0
2955,45.0
2956,45.0
2957,45.0
2958,45.0
2959,45.0
2960,45.0
2961,45.0
2962,45.0
2963,45.0
2964,45.0
2965,45.0
2966,45.0
2967,45.0
2968,45.0
2969,45.0
2970,45.0
2971,45.0
2972,45.0
2973,45.0
2974,45.0
2975,45.0
2976,45.0
2977,45.0
2978,45.0
2979,45.0
2980,45.0
2981,45.0
2982,45.0
2983,45.0
2984,45.0
2985,45.0
2986,45.0
2987,45.0
2988,45.0
2989,45.0
2990,45.0
2991,45.0
2992,45.0
2993,45.0
2994,45.0
2995,45.0
2996,45.0
2997,45.0
2998,45.0
2999,45.0
3000,45.0
3001,45.0
3002,45.0
3003,45.0
3004,45.0
3005,45.0
3006,45.0
3007,45.0
3008,45.0
3009,45.0
3010,45.0
3011,45.0
3012,45.0
3013,45.0
3014,45.0
3015,45.0
3016,45.0
3017,45.0
3018,45.0
3019,45.0
3020,45.0
3021,45.0
3022,45.0
3023,45.0
3024,45.0
3025,45.0
3026,45.0
3027,45.0
3028,45.0
3029,45.0
3030,45.0
3031,45.0
3032,45.0
3033,45.0
3034,45.0
3035,45.0
3036,45.0
3037,45.0
3038,45.0
3039,45.0
3040,45.0
3041,45.0
3042,45.0
3043,45.0
3044,45.0
3045,45.0
3046,45.0
3047,45.0
3048,45.0
3049,45.0
3050,45.0
3051,45.0
3052,45.0
3053,45.0
3054,45.0
3055,45.0
3056,45.0
3057,45.0
3058,45.0
3059,45.0
3060,45.0
3061,45.0
3062,45.0
3063,45.0
3064,45.0
3065,45.0
3066,45.0
3067,45.0
3068,45.0
3069,45.0
3070,45.0
3071,45.0
3072,45.0
3073,45.0
3074,45.0
3075,45.0
3076,45.0
3077,45.0
3078,45.0
3079,45.0
3080,45.0
3081,45.0
3082,45.0
3083,45.0
3084,45.0
3085,45.0
3086,45.0
3087,45.0
3088,45.0
3089,45.0
3090,45.0
3091,45.0
3092,45.0
3093,45.0
3094,45.0
3095,45.0
3096,45.0
3097,45.0
3098,45.0
3099,45.0
3100,45.0
3101,45.0
3102,45.0
3103,45.0
3104,45.0
3105,45.0
3106,45.0
3107,45.0
3108,45.0
3109,45.0
3110,45.0
3111,45.0
3112,45.0
3113,45.0
3114,45.0
3115,45.0
3116,45.0
3117,45.0
3118,45.0
3119,45.0
3120,45.0
3121,45.0
3122,45.0
3123,45.0
3124,45.0
3125,45.0
3126,45.0
3127,45.0
3128,45.0
3129,45.0
3130,45.0
3131,45.0
3132,45.0
3133,45.0
3134,45.0
3135,45.0
3136,45.0
3137,45.0
3138,45.0
3139,45.0
3140,45.0
3141,45.0
3142,45.0
3143,45.0
3144,45.0
3145,45.0
3146,45.0
3147,45.0
3148,45.0
3149,45.0
3150,45.0
3151,45.0
3152,45.0
3153,45.0
3154,45.0
3155,45.0
3156,45.0
3157,45.0
3158,45.0
3159,45.0
3160,45.0
3161,45.0
3162,45.0
3163,45.0
3164,45.0
3165,45.0
3166,45.0
3167,45.0
3168,45.0
3169,45.0
3170,45.0
3171,45.0
3172,45.0
3173,45.0
3174,45.0
3175,45.0
3176,45.0
3177,45.0
3178,45.0
3179,45.0
3180,45.0
3181,45.0
3182,45.0
3183,45.0
3184,45.0
3185,45.0
3186,45.0
3187,45.0
3188,45.0
3189,45.0
3190,45.0
3191,45.0
3192,45.0
3193,45.0
3194,45.0
3195,45.0
3196,45.0
3197,45.0
3198,45.0
3199,45.0
3200,45.0
3201,45.0
3202,45.0
3203,45.0
3204,45.0
3205,45.0
3206,45.0
3207,45.0
3208,45.0
3209,45.0
3210,45.0
3211,45.0
3212,45.0
3213,45.0
3214,45.0
3215,45.0
3216,45.0
3217,45.0
3218,45.0
3219,45.0
3220,45.0
3221,45.0
3222,45.0
3223,45.0
3224,45.0
3225,45.0
3226,45.0
3227,45.0
3228,45.0
3229,45.0
3230,45.0
3231,45.0
3232,45.0
3233,45.0
3234,45.0
3235,45.0
3236,45.0
3237,45.0
3238,45.0
3239,45.0
3240,45.0
3241,45.0
3242,45.0
3243,45.0
3244,45.0
3245,45.0
3246,45.0
3247,45.0
3248,45.0
3249,45.0
3250,45.0
3251,45.0
3252,45.0
3253,45.0
3254,45.0
3255,45.0
3256,45.0
3257,45.0
3258,45.0
3259,45.0
3260,45.0
3261,45.0
3262,45.0
3263,45.0
3264,45.0
3265,45.0
3266,45.0
3267,45.0
3268,45.0
3269,45.0
3270,45.0
3271,45.0
3272,45.0
3273,45.0
3274,45.0
3275,45.0
3276,45.0
3277,45.0
3278,45.0
3279,45.0
3280,45.0
3281,45.0
3282,45.0
3283,45.0
3284,45.0
3285,45.0
3286,45.0
3287,45.0
3288,45.0
3289,45.0
3290,45.0
3291,45.0
3292,45.0
3293,45.0
3294,45.0
3295,45.0
3296,45.0
3297,45.0
3298,45.0
3299,45.0
3300,45.0
3301,45.0
3302,45.0
3303,45.0
3304,45.0
3305,45.0
3306,45.0
3307,45.0
3308,45.0
3309,45.0
3310,45.0
3311,45.0
3312,45.0
3313,45.0
3314,45.0
3315,45.0
3316,45.0
3317,45.0
3318,45.0
3319,45.0
3320,45.0
3321,45.0
3322,45.0
3323,45.0
3324,45.0
3325,45.0
3326,45.0
3327,45.0
3328,45.0
3329,45.0
3330,45.0
3331,45.0
3332,45.0
3333,45.0
3334,45.0
3335,45.0
3336,45.0
3337,45.0
3338,45.0
3339,45.0
3340,45.0
3341,45.0
3342,45.0
3343,45.0
3344,45.0
3345,45.0
3346,45.0
3347,45.0
3348,45.0
3349,45.0
3350,45.0
3351,45.0
3352,45.0
3353,45.0
3354,45.0
3355,45.0
3356,45.0
3357,45.0
3358,45.0
3359,45.0
3360,45.0
3361,45.0
3362,45.0
3363,45.0
3364,45.0
3365,45.0
3366,45.0
3367,45.0
3368,45.0
3369,45.0
3370,45.0
3371,45.0
3372,45.0
3373,45.0
3374,45.0
3375,45.0
3376,45.0
3377,45.0
3378,45.0
3379,45.0
3380,45.0
3381,45.0
3382,45.0
3383,45.0
3384,45.0
3385,45.0
3386,45.0
3387,45.0
3388,45.0
3389,45.0
3390,45.0
3391,45.0
3392,45.0
3393,45.0
3394,45.0
3395,45.0
3396,45.0
3397,45.0
3398,45.0
3399,45.0
3400,45.0
3401,45.0
3402,45.0
3403,45.0
3404,45.0
3405,45.0
3406,45.0
3407,45.0
3408,45.0
3409,45.0
3410,45.0
3411,45.0
3412,45.0
3413,45.0
3414,45.0
3415,45.0
3416,45.0
3417,45.0
3418,45.0
3419,45.0
3420,45.0
3421,45.0
3422,45.0
3423,45.0
3424,45.0
3425,45.0
3426,45.0
3427,45.0
3428,45.0
3429,45.0
3430,45.0
3431,45.0
3432,45.0
3433,45.0
3434,45.0
3435,45.0
3436,45.0
3437,45.0
3438,45.0
3439,45.0
3440,45.0
3441,45.0
3442,45.0
3443,45.0
3444,45.0
3445,45.0
3446,45.0
3447,45.0
3448,45.0
3449,45.0
3450,45.0
3451,45.0
3452,45.0
3453,45.0
3454,45.0
3455,45.0
3456,45.0
3457,45.0
3458,45.0
3459,45.0
3460,45.0
3461,45.0
3462,45.0
3463,45.0
3464,45.0
3465,45.0
3466,45.0
3467,45.0
3468,45.0
3469,45.0
3470,45.0
3471,45.0
3472,45.0
3473,45.0
3474,45.0
3475,45.0
3476,45.0
3477,45.0
3478,45.0
3479,45.0
3480,45.0
3481,45.0
3482,45.0
3483,45.0
3484,45.0
3485,45.0
3486,45.0
3487,45.0
3488,45.0
3489,45.0
3490,45.0
3491,45.0
3492,45.0
3493,45.0
3494,45.0
3495,45.0
3496,45.0
3497,45.0
3498,45.0
3499,45.0
3500,45.0
3501,45.0
3502,45.0
3503,45.0
3504,45.0
3505,45.0
3506,45.0
3507,45.0
3508,45.0
3509,45.0
3510,45.0
3511,45.0
3512,45.0
3513,45.0
3514,45.0
3515,45.0
3516,45.0
3517,45.0
3518,45.0
3519,45.0
3520,45.0
3521,45.0
3522,45.0
3523,45.0
3524,45.0
3525,45.0
3526,45.0
3527,45.0
3528,45.0
3529,45.0
3530,45.0
3531,45.0
3532,45.0
3533,45.0
3534,45.0
3535,45.0
3536,45.0
3537,45.0
3538,45.0
3539,45.0
3540,45.0
3541,45.0
3542,45.0
3543,45.0
3544,45.0
3545,45.0
3546,45.0
3547,45.0
3548,45.0
3549,45.0
3550,45.0
3551,45.0
3552,45.0
3553,45.0
3554,45.0
3555,45.0
3556,45.0
3557,45.0
3558,45.0
3559,45.0
3560,45.0
3561,45.0
3562,45.0
3563,45.0
3564,45.0
3565,45.0
3566,45.0
3567,45.0
3568,45.0
3569,45.0
3570,45.0
3571,45.0
3572,45.0
3573,45.0
3574,45.0
3575,45.0
3576,45.0
3577,45.0
3578,45.0
3579,45.0
3580,45.0
3581,45.0
3582,45.0
3583,45.0
3584,45.0
3585,45.0
3586,45.0
3587,45.0
3588,45.0
3589,45.0
3590,45.0
3591,45.0
3592,45.0
3593,45.0
3594,45.0
3595,45.0
3596,45.0
3597,45.0
3598,45.0
3599,45.0
